ε;σ;σ_MPa;Action;Vlaga;Type;Class;Color;Text
-0.00015;-504;-0.504;C;1;1;10;2;
-0.0001;-504;-0.504;C;1;1;10;2;
-0.0000159;-302;-0.302;C;1;1;10;2;
0;0;0;C;1;1;10;1;
0.000171;3240;3.24;C;1;1;10;1;
0.002;5400;5.4;C;1;1;10;1;
0.0035;5400;5.4;C;1;1;10;1;
-0.00036;-454;-0.454;CL;1;1;10;2;
-0.00028;-454;-0.454;CL;1;1;10;2;
-0.0000945;-272;-0.272;CL;1;1;10;2;
0;0;0;CL;1;1;10;3;
0.00101;2920;2.92;CL;1;1;10;3;
0.004;4860;4.86;CL;1;1;10;3;
0.0056;4860;4.86;CL;1;1;10;3;
-0.00015;-850;-0.85;N;1;1;10;2;
-0.0001;-850;-0.85;N;1;1;10;2;
-0.0000268;-510;-0.51;N;1;1;10;2;
0;0;0;N;1;1;10;4;
0.000237;4500;4.5;N;1;1;10;4;
0.002;7500;7.5;N;1;1;10;4;
0.0035;7500;7.5;N;1;1;10;4;
-0.00036;-850;-0.85;NL;1;1;10;2;
-0.00028;-850;-0.85;NL;1;1;10;2;
-0.000177;-510;-0.51;NL;1;1;10;2;
0;0;0;NL;1;1;10;5;
0.001563158;4500;4.5;NL;1;1;10;5;
0.004;7500;7.5;NL;1;1;10;5;
0.0056;7500;7.5;NL;1;1;10;5;
-0.00015;-504;-0.504;C;2;1;10;2;
-0.0001;-504;-0.504;C;2;1;10;2;
-0.0000159;-302;-0.302;C;2;1;10;2;
0;0;0;C;2;1;10;1;
0.000171;3240;3.24;C;2;1;10;1;
0.002;5400;5.4;C;2;1;10;1;
0.0035;5400;5.4;C;2;1;10;1;
-0.00031;-454;-0.454;CL;2;1;10;2;
-0.00024;-454;-0.454;CL;2;1;10;2;
-0.0000702;-272;-0.272;CL;2;1;10;2;
0;0;0;CL;2;1;10;3;
0.000752;2916;2.92;CL;2;1;10;3;
0.0034;4860;4.86;CL;2;1;10;3;
0.0048;4860;4.86;CL;2;1;10;3;
-0.00015;-850;-0.85;N;2;1;10;2;
-0.0001;-850;-0.85;N;2;1;10;2;
-0.0000268;-510;-0.51;N;2;1;10;2;
0;0;0;N;2;1;10;4;
0.000237;4500;4.5;N;2;1;10;4;
0.002;7500;7.5;N;2;1;10;4;
0.0035;7500;7.5;N;2;1;10;4;
-0.00031;-850;-0.85;NL;2;1;10;2;
-0.00024;-850;-0.85;NL;2;1;10;2;
-0.000132;-510;-0.51;NL;2;1;10;2;
0;0;0;NL;2;1;10;5;
0.001160526;4500;4.5;NL;2;1;10;5;
0.0034;7500;7.5;NL;2;1;10;5;
0.0048;7500;7.5;NL;2;1;10;5;
-0.00015;-504;-0.504;C;3;1;10;2;
-0.0001;-504;-0.504;C;3;1;10;2;
-0.0000159;-302.4;-0.302;C;3;1;10;2;
0;0;0;C;3;1;10;1;
0.000171;3240;3.24;C;3;1;10;1;
0.002;5400;5.4;C;3;1;10;1;
0.0035;5400;5.4;C;3;1;10;1;
-0.00027;-453.6;-0.454;CL;3;1;10;2;
-0.00021;-453.6;-0.454;CL;3;1;10;2;
-0.0000544;-272.16;-0.272;CL;3;1;10;2;
0;0;0;CL;3;1;10;3;
0.000583;2916;2.92;CL;3;1;10;3;
0.003;4860;4.86;CL;3;1;10;3;
0.0042;4860;4.86;CL;3;1;10;3;
-0.00015;-850;-0.85;N;3;1;10;2;
-0.0001;-850;-0.85;N;3;1;10;2;
-0.0000268;-510;-0.51;N;3;1;10;2;
0;0;0;N;3;1;10;4;
0.000237;4500;4.5;N;3;1;10;4;
0.002;7500;7.5;N;3;1;10;4;
0.0035;7500;7.5;N;3;1;10;4;
-0.00027;-850;-0.85;NL;3;1;10;2;
-0.00021;-850;-0.85;NL;3;1;10;2;
-0.000102;-510;-0.51;NL;3;1;10;2;
0;0;0;NL;3;1;10;5;
0.0009;4500;4.5;NL;3;1;10;5;
0.003;7500;7.5;NL;3;1;10;5;
0.0042;7500;7.5;NL;3;1;10;5;
-0.00015;-504;-0.504;C;1;2;10;2;
-0.00008;-504;-0.504;C;1;2;10;2;
0;0;0;C;1;2;10;1;
0.0015;5400;5.4;C;1;2;10;1;
0.0035;5400;5.4;C;1;2;10;1;
-0.00036;-453.6;-0.454;CL;1;2;10;2;
-0.00026;-453.6;-0.454;CL;1;2;10;2;
0;0;0;CL;1;2;10;3;
0.0034;4860;4.86;CL;1;2;10;3;
0.0056;4860;4.86;CL;1;2;10;3;
-0.00015;-850;-0.85;N;1;2;10;2;
-0.00008;-850;-0.85;N;1;2;10;2;
0;0;0;N;1;2;10;4;
0.0015;7500;7.5;N;1;2;10;4;
0.0035;7500;7.5;N;1;2;10;4;
-0.00036;-850;-0.85;NL;1;2;10;2;
-0.00026;-850;-0.85;NL;1;2;10;2;
0;0;0;NL;1;2;10;5;
0.0034;7500;7.5;NL;1;2;10;5;
0.0056;7500;7.5;NL;1;2;10;5;
-0.00015;-504;-0.504;C;2;2;10;2;
-0.00008;-504;-0.504;C;2;2;10;2;
0;0;0;C;2;2;10;1;
0.0015;5400;5.4;C;2;2;10;1;
0.0035;5400;5.4;C;2;2;10;1;
-0.00031;-453.6;-0.454;CL;2;2;10;2;
-0.00022;-453.6;-0.454;CL;2;2;10;2;
0;0;0;CL;2;2;10;3;
0.0028;4860;4.86;CL;2;2;10;3;
0.0048;4860;4.86;CL;2;2;10;3;
-0.00015;-850;-0.85;N;2;2;10;2;
-0.00008;-850;-0.85;N;2;2;10;2;
0;0;0;N;2;2;10;4;
0.0015;7500;7.5;N;2;2;10;4;
0.0035;7500;7.5;N;2;2;10;4;
-0.00031;-850;-0.85;NL;2;2;10;2;
-0.00022;-850;-0.85;NL;2;2;10;2;
0;0;0;NL;2;2;10;5;
0.0028;7500;7.5;NL;2;2;10;5;
0.0048;7500;7.5;NL;2;2;10;5;
-0.00015;-504;-0.504;C;3;2;10;2;
-0.00008;-504;-0.504;C;3;2;10;2;
0;0;0;C;3;2;10;1;
0.0015;5400;5.4;C;3;2;10;1;
0.0035;5400;5.4;C;3;2;10;1;
-0.00027;-453.6;-0.454;CL;3;2;10;2;
-0.00019;-453.6;-0.454;CL;3;2;10;2;
0;0;0;CL;3;2;10;3;
0.0024;4860;4.86;CL;3;2;10;3;
0.0042;4860;4.86;CL;3;2;10;3;
-0.00015;-850;-0.85;N;3;2;10;2;
-0.00008;-850;-0.85;N;3;2;10;2;
0;0;0;N;3;2;10;4;
0.0015;7500;7.5;N;3;2;10;4;
0.0035;7500;7.5;N;3;2;10;4;
-0.00027;-850;-0.85;NL;3;2;10;2;
-0.00019;-850;-0.85;NL;3;2;10;2;
0;0;0;NL;3;2;10;5;
0.0024;7500;7.5;NL;3;2;10;5;
0.0042;7500;7.5;NL;3;2;10;5;
-0.00015;-675;-0.675;C;1;1;15;2;
-0.0001;-675;-0.675;C;1;1;15;2;
-0.0000169;-405;-0.405;C;1;1;15;2;
0;0;0;C;1;1;15;1;
0.000191;4590;4.59;C;1;1;15;1;
0.002;7650;7.65;C;1;1;15;1;
0.0035;7650;7.65;C;1;1;15;1;
-0.00036;-608;-0.608;CL;1;1;15;2;
-0.00028;-608;-0.608;CL;1;1;15;2;
-0.0000881;-365;-0.365;CL;1;1;15;2;
0;0;0;CL;1;1;15;3;
0.000998;4130;4.13;CL;1;1;15;3;
0.004;6885;6.89;CL;1;1;15;3;
0.0056;6885;6.89;CL;1;1;15;3;
-0.00015;-1100;-1.1;N;1;1;15;2;
-0.0001;-1100;-1.1;N;1;1;15;2;
-0.0000275;-660;-0.66;N;1;1;15;2;
0;0;0;N;1;1;15;4;
0.000275;6600;6.6;N;1;1;15;4;
0.002;11000;11;N;1;1;15;4;
0.0035;11000;11;N;1;1;15;4;
-0.00036;-1100;-1.1;NL;1;1;15;2;
-0.00028;-1100;-1.1;NL;1;1;15;2;
-0.00016;-660;-0.66;NL;1;1;15;2;
0;0;0;NL;1;1;15;5;
0.001595;6600;6.6;NL;1;1;15;5;
0.004;11000;11;NL;1;1;15;5;
0.0056;11000;11;NL;1;1;15;5;
-0.00015;-675;-0.675;C;2;1;15;2;
-0.0001;-675;-0.675;C;2;1;15;2;
-0.0000169;-405;-0.405;C;2;1;15;2;
0;0;0;C;2;1;15;1;
0.000191;4590;4.59;C;2;1;15;1;
0.002;7650;7.65;C;2;1;15;1;
0.0035;7650;7.65;C;2;1;15;1;
-0.00031;-608;-0.608;CL;2;1;15;2;
-0.00024;-608;-0.608;CL;2;1;15;2;
-0.0000668;-365;-0.365;CL;2;1;15;2;
0;0;0;CL;2;1;15;3;
0.000757;4131;4.13;CL;2;1;15;3;
0.0034;6885;6.89;CL;2;1;15;3;
0.0048;6885;6.89;CL;2;1;15;3;
-0.00015;-1100;-1.1;N;2;1;15;2;
-0.0001;-1100;-1.1;N;2;1;15;2;
-0.0000275;-660;-0.66;N;2;1;15;2;
0;0;0;N;2;1;15;4;
0.000275;6600;6.6;N;2;1;15;4;
0.002;11000;11;N;2;1;15;4;
0.0035;11000;11;N;2;1;15;4;
-0.00031;-1100;-1.1;NL;2;1;15;2;
-0.00024;-1100;-1.1;NL;2;1;15;2;
-0.000121;-660;-0.66;NL;2;1;15;2;
0;0;0;NL;2;1;15;5;
0.00121;6600;6.6;NL;2;1;15;5;
0.0034;11000;11;NL;2;1;15;5;
0.0048;11000;11;NL;2;1;15;5;
-0.00015;-675;-0.675;C;3;1;15;2;
-0.0001;-675;-0.675;C;3;1;15;2;
-0.0000169;-405;-0.405;C;3;1;15;2;
0;0;0;C;3;1;15;1;
0.000191;4590;4.59;C;3;1;15;1;
0.002;7650;7.65;C;3;1;15;1;
0.0035;7650;7.65;C;3;1;15;1;
-0.00027;-607.5;-0.608;CL;3;1;15;2;
-0.00021;-607.5;-0.608;CL;3;1;15;2;
-0.0000516;-364.5;-0.365;CL;3;1;15;2;
0;0;0;CL;3;1;15;3;
0.000585;4131;4.13;CL;3;1;15;3;
0.003;6885;6.89;CL;3;1;15;3;
0.0042;6885;6.89;CL;3;1;15;3;
-0.00015;-1100;-1.1;N;3;1;15;2;
-0.0001;-1100;-1.1;N;3;1;15;2;
-0.0000275;-660;-0.66;N;3;1;15;2;
0;0;0;N;3;1;15;4;
0.000275;6600;6.6;N;3;1;15;4;
0.002;11000;11;N;3;1;15;4;
0.0035;11000;11;N;3;1;15;4;
-0.00027;-1100;-1.1;NL;3;1;15;2;
-0.00021;-1100;-1.1;NL;3;1;15;2;
-0.0000935;-660;-0.66;NL;3;1;15;2;
0;0;0;NL;3;1;15;5;
0.000935;6600;6.6;NL;3;1;15;5;
0.003;11000;11;NL;3;1;15;5;
0.0042;11000;11;NL;3;1;15;5;
-0.00015;-675;-0.675;C;1;2;15;2;
-0.00008;-675;-0.675;C;1;2;15;2;
0;0;0;C;1;2;15;1;
0.0015;7650;7.65;C;1;2;15;1;
0.0035;7650;7.65;C;1;2;15;1;
-0.00036;-607.5;-0.608;CL;1;2;15;2;
-0.00026;-607.5;-0.608;CL;1;2;15;2;
0;0;0;CL;1;2;15;3;
0.0034;6885;6.89;CL;1;2;15;3;
0.0056;6885;6.89;CL;1;2;15;3;
-0.00015;-1100;-1.1;N;1;2;15;2;
-0.00008;-1100;-1.1;N;1;2;15;2;
0;0;0;N;1;2;15;4;
0.0015;11000;11;N;1;2;15;4;
0.0035;11000;11;N;1;2;15;4;
-0.00036;-1100;-1.1;NL;1;2;15;2;
-0.00026;-1100;-1.1;NL;1;2;15;2;
0;0;0;NL;1;2;15;5;
0.0034;11000;11;NL;1;2;15;5;
0.0056;11000;11;NL;1;2;15;5;
-0.00015;-675;-0.675;C;2;2;15;2;
-0.00008;-675;-0.675;C;2;2;15;2;
0;0;0;C;2;2;15;1;
0.0015;7650;7.65;C;2;2;15;1;
0.0035;7650;7.65;C;2;2;15;1;
-0.00031;-607.5;-0.608;CL;2;2;15;2;
-0.00022;-607.5;-0.608;CL;2;2;15;2;
0;0;0;CL;2;2;15;3;
0.0028;6885;6.89;CL;2;2;15;3;
0.0048;6885;6.89;CL;2;2;15;3;
-0.00015;-1100;-1.1;N;2;2;15;2;
-0.00008;-1100;-1.1;N;2;2;15;2;
0;0;0;N;2;2;15;4;
0.0015;11000;11;N;2;2;15;4;
0.0035;11000;11;N;2;2;15;4;
-0.00031;-1100;-1.1;NL;2;2;15;2;
-0.00022;-1100;-1.1;NL;2;2;15;2;
0;0;0;NL;2;2;15;5;
0.0028;11000;11;NL;2;2;15;5;
0.0048;11000;11;NL;2;2;15;5;
-0.00015;-675;-0.675;C;3;2;15;2;
-0.00008;-675;-0.675;C;3;2;15;2;
0;0;0;C;3;2;15;1;
0.0015;7650;7.65;C;3;2;15;1;
0.0035;7650;7.65;C;3;2;15;1;
-0.00027;-607.5;-0.608;CL;3;2;15;2;
-0.00019;-607.5;-0.608;CL;3;2;15;2;
0;0;0;CL;3;2;15;3;
0.0024;6885;6.89;CL;3;2;15;3;
0.0042;6885;6.89;CL;3;2;15;3;
-0.00015;-1100;-1.1;N;3;2;15;2;
-0.00008;-1100;-1.1;N;3;2;15;2;
0;0;0;N;3;2;15;4;
0.0015;11000;11;N;3;2;15;4;
0.0035;11000;11;N;3;2;15;4;
-0.00027;-1100;-1.1;NL;3;2;15;2;
-0.00019;-1100;-1.1;NL;3;2;15;2;
0;0;0;NL;3;2;15;5;
0.0024;11000;11;NL;3;2;15;5;
0.0042;11000;11;NL;3;2;15;5;
-0.00015;-810;-0.81;C;1;1;20;2;
-0.0001;-810;-0.81;C;1;1;20;2;
-0.0000177;-486;-0.486;C;1;1;20;2;
0;0;0;C;1;1;20;1;
0.000226;6210;6.21;C;1;1;20;1;
0.002;10350;10.4;C;1;1;20;1;
0.0035;10350;10.4;C;1;1;20;1;
-0.00036;-729;-0.729;CL;1;1;20;2;
-0.00028;-729;-0.729;CL;1;1;20;2;
-0.0000795;-437;-0.437;CL;1;1;20;2;
0;0;0;CL;1;1;20;3;
0.00102;5590;5.59;CL;1;1;20;3;
0.004;9315;9.32;CL;1;1;20;3;
0.0056;9315;9.32;CL;1;1;20;3;
-0.00015;-1350;-1.35;N;1;1;20;2;
-0.0001;-1350;-1.35;N;1;1;20;2;
-0.0000295;-810;-0.81;N;1;1;20;2;
0;0;0;N;1;1;20;4;
0.000327;9000;9;N;1;1;20;4;
0.002;15000;15;N;1;1;20;4;
0.0035;15000;15;N;1;1;20;4;
-0.00036;-1350;-1.35;NL;1;1;20;2;
-0.00028;-1350;-1.35;NL;1;1;20;2;
-0.000147;-810;-0.81;NL;1;1;20;2;
0;0;0;NL;1;1;20;5;
0.001636364;9000;9;NL;1;1;20;5;
0.004;15000;15;NL;1;1;20;5;
0.0056;15000;15;NL;1;1;20;5;
-0.00015;-810;-0.81;C;2;1;20;2;
-0.0001;-810;-0.81;C;2;1;20;2;
-0.0000177;-486;-0.486;C;2;1;20;2;
0;0;0;C;2;1;20;1;
0.000226;6210;6.21;C;2;1;20;1;
0.002;10350;10.4;C;2;1;20;1;
0.0035;10350;10.4;C;2;1;20;1;
-0.00031;-729;-0.729;CL;2;1;20;2;
-0.00024;-729;-0.729;CL;2;1;20;2;
-0.0000604;-437;-0.437;CL;2;1;20;2;
0;0;0;CL;2;1;20;3;
0.000772;5589;5.59;CL;2;1;20;3;
0.0034;9315;9.32;CL;2;1;20;3;
0.0048;9315;9.32;CL;2;1;20;3;
-0.00015;-1350;-1.35;N;2;1;20;2;
-0.0001;-1350;-1.35;N;2;1;20;2;
-0.0000295;-810;-0.81;N;2;1;20;2;
0;0;0;N;2;1;20;4;
0.000327;9000;9;N;2;1;20;4;
0.002;15000;15;N;2;1;20;4;
0.0035;15000;15;N;2;1;20;4;
-0.00031;-1350;-1.35;NL;2;1;20;2;
-0.00024;-1350;-1.35;NL;2;1;20;2;
-0.000112;-810;-0.81;NL;2;1;20;2;
0;0;0;NL;2;1;20;5;
0.001243636;9000;9;NL;2;1;20;5;
0.0034;15000;15;NL;2;1;20;5;
0.0048;15000;15;NL;2;1;20;5;
-0.00015;-810;-0.81;C;3;1;20;2;
-0.0001;-810;-0.81;C;3;1;20;2;
-0.0000177;-486;-0.486;C;3;1;20;2;
0;0;0;C;3;1;20;1;
0.000226;6210;6.21;C;3;1;20;1;
0.002;10350;10.4;C;3;1;20;1;
0.0035;10350;10.4;C;3;1;20;1;
-0.00027;-729;-0.729;CL;3;1;20;2;
-0.00021;-729;-0.729;CL;3;1;20;2;
-0.0000477;-437.4;-0.437;CL;3;1;20;2;
0;0;0;CL;3;1;20;3;
0.00061;5589;5.59;CL;3;1;20;3;
0.003;9315;9.32;CL;3;1;20;3;
0.0042;9315;9.32;CL;3;1;20;3;
-0.00015;-1350;-1.35;N;3;1;20;2;
-0.0001;-1350;-1.35;N;3;1;20;2;
-0.0000295;-810;-0.81;N;3;1;20;2;
0;0;0;N;3;1;20;4;
0.000327;9000;9;N;3;1;20;4;
0.002;15000;15;N;3;1;20;4;
0.0035;15000;15;N;3;1;20;4;
-0.00027;-1350;-1.35;NL;3;1;20;2;
-0.00021;-1350;-1.35;NL;3;1;20;2;
-0.0000884;-810;-0.81;NL;3;1;20;2;
0;0;0;NL;3;1;20;5;
0.000982;9000;9;NL;3;1;20;5;
0.003;15000;15;NL;3;1;20;5;
0.0042;15000;15;NL;3;1;20;5;
-0.00015;-675;-0.675;C;1;2;20;2;
-0.00008;-675;-0.675;C;1;2;20;2;
0;0;0;C;1;2;20;1;
0.0015;7650;7.65;C;1;2;20;1;
0.0035;7650;7.65;C;1;2;20;1;
-0.00036;-729;-0.729;CL;1;2;20;2;
-0.00026;-729;-0.729;CL;1;2;20;2;
0;0;0;CL;1;2;20;3;
0.0034;9315;9.32;CL;1;2;20;3;
0.0056;9315;9.32;CL;1;2;20;3;
-0.00015;-1350;-1.35;N;1;2;20;2;
-0.00008;-1350;-1.35;N;1;2;20;2;
0;0;0;N;1;2;20;4;
0.0015;15000;15;N;1;2;20;4;
0.0035;15000;15;N;1;2;20;4;
-0.00036;-1350;-1.35;NL;1;2;20;2;
-0.00026;-1350;-1.35;NL;1;2;20;2;
0;0;0;NL;1;2;20;5;
0.0034;15000;15;NL;1;2;20;5;
0.0056;15000;15;NL;1;2;20;5;
-0.00015;-675;-0.675;C;2;2;20;2;
-0.00008;-675;-0.675;C;2;2;20;2;
0;0;0;C;2;2;20;1;
0.0015;7650;7.65;C;2;2;20;1;
0.0035;7650;7.65;C;2;2;20;1;
-0.00031;-729;-0.729;CL;2;2;20;2;
-0.00022;-729;-0.729;CL;2;2;20;2;
0;0;0;CL;2;2;20;3;
0.0028;9315;9.32;CL;2;2;20;3;
0.0048;9315;9.32;CL;2;2;20;3;
-0.00015;-1350;-1.35;N;2;2;20;2;
-0.00008;-1350;-1.35;N;2;2;20;2;
0;0;0;N;2;2;20;4;
0.0015;15000;15;N;2;2;20;4;
0.0035;15000;15;N;2;2;20;4;
-0.00031;-1350;-1.35;NL;2;2;20;2;
-0.00022;-1350;-1.35;NL;2;2;20;2;
0;0;0;NL;2;2;20;5;
0.0028;15000;15;NL;2;2;20;5;
0.0048;15000;15;NL;2;2;20;5;
-0.00015;-675;-0.675;C;3;2;20;2;
-0.00008;-675;-0.675;C;3;2;20;2;
0;0;0;C;3;2;20;1;
0.0015;7650;7.65;C;3;2;20;1;
0.0035;7650;7.65;C;3;2;20;1;
-0.00027;-729;-0.729;CL;3;2;20;2;
-0.00019;-729;-0.729;CL;3;2;20;2;
0;0;0;CL;3;2;20;3;
0.0024;9315;9.32;CL;3;2;20;3;
0.0042;9315;9.32;CL;3;2;20;3;
-0.00015;-1350;-1.35;N;3;2;20;2;
-0.00008;-1350;-1.35;N;3;2;20;2;
0;0;0;N;3;2;20;4;
0.0015;15000;15;N;3;2;20;4;
0.0035;15000;15;N;3;2;20;4;
-0.00027;-1350;-1.35;NL;3;2;20;2;
-0.00019;-1350;-1.35;NL;3;2;20;2;
0;0;0;NL;3;2;20;5;
0.0024;15000;15;NL;3;2;20;5;
0.0042;15000;15;NL;3;2;20;5;
-0.00015;-945;-0.945;C;2;1;25;2;
-0.0001;-945;-0.945;C;2;1;25;2;
-0.0000189;-567;-0.567;C;2;1;25;2;
0;0;0;C;2;1;25;1;
0.000261;7830;7.83;C;2;1;25;1;
0.002;13050;13.05;C;2;1;25;1;
0.0035;13050;13.05;C;2;1;25;1;
-0.00031;-851;-0.8505;CL;2;1;25;2;
-0.00024;-851;-0.8505;CL;2;1;25;2;
-0.0000595;-510;-0.5103;CL;2;1;25;2;
0;0;0;CL;2;1;25;3;
0.000822;7050;7.047;CL;2;1;25;3;
0.0034;11745;11.745;CL;2;1;25;3;
0.0048;11745;11.745;CL;2;1;25;3;
-0.00015;-1550;-1.55;N;2;1;25;2;
-0.0001;-1550;-1.55;N;2;1;25;2;
-0.000031;-930;-0.93;N;2;1;25;2;
0;0;0;N;2;1;25;4;
0.00037;11100;11.1;N;2;1;25;4;
0.002;18500;18.5;N;2;1;25;4;
0.0035;18500;18.5;N;2;1;25;4;
-0.00031;-1550;-1.55;NL;2;1;25;2;
-0.00024;-1550;-1.55;NL;2;1;25;2;
-0.000109;-930;-0.93;NL;2;1;25;2;
0;0;0;NL;2;1;25;5;
0.001295;11100;11.1;NL;2;1;25;5;
0.0034;18500;18.5;NL;2;1;25;5;
0.0048;18500;18.5;NL;2;1;25;5;
-0.00015;-945;-0.945;C;1;1;25;2;
-0.0001;-945;-0.945;C;1;1;25;2;
-0.0000189;-567;-0.567;C;1;1;25;2;
0;0;0;C;1;1;25;1;
0.000261;7830;7.83;C;1;1;25;1;
0.002;13050;13.05;C;1;1;25;1;
0.0035;13050;13.05;C;1;1;25;1;
-0.00036;-851;-0.8505;CL;1;1;25;2;
-0.00028;-851;-0.8505;CL;1;1;25;2;
-0.0000782;-510;-0.5103;CL;1;1;25;2;
0;0;0;CL;1;1;25;3;
0.00108054;7047;7.047;CL;1;1;25;3;
0.004;11745;11.745;CL;1;1;25;3;
0.0056;11745;11.745;CL;1;1;25;3;
-0.00015;-1550;-1.55;N;1;1;25;2;
-0.0001;-1550;-1.55;N;1;1;25;2;
-0.000031;-930;-0.93;N;1;1;25;2;
0;0;0;N;1;1;25;4;
0.00037;11100;11.1;N;1;1;25;4;
0.002;18500;18.5;N;1;1;25;4;
0.0035;18500;18.5;N;1;1;25;4;
-0.00036;-1550;-1.55;NL;1;1;25;2;
-0.00028;-1550;-1.55;NL;1;1;25;2;
-0.000143;-930;-0.93;NL;1;1;25;2;
0;0;0;NL;1;1;25;5;
0.001702;11100;11.1;NL;1;1;25;5;
0.004;18500;18.5;NL;1;1;25;5;
0.0056;18500;18.5;NL;1;1;25;5;
-0.00015;-945;-0.945;C;3;1;25;2;
-0.0001;-945;-0.945;C;3;1;25;2;
-0.0000189;-567;-0.567;C;3;1;25;2;
0;0;0;C;3;1;25;1;
0.000261;7830;7.83;C;3;1;25;1;
0.002;13050;13.05;C;3;1;25;1;
0.0035;13050;13.05;C;3;1;25;1;
-0.00027;-851;-0.8505;CL;3;1;25;2;
-0.00021;-851;-0.8505;CL;3;1;25;2;
-0.0000476;-510;-0.5103;CL;3;1;25;2;
0;0;0;CL;3;1;25;3;
0.000658;7050;7.047;CL;3;1;25;3;
0.003;11745;11.745;CL;3;1;25;3;
0.0042;11745;11.745;CL;3;1;25;3;
-0.00015;-1550;-1.55;N;3;1;25;2;
-0.0001;-1550;-1.55;N;3;1;25;2;
-0.000031;-930;-0.93;N;3;1;25;2;
0;0;0;N;3;1;25;4;
0.00037;11100;11.1;N;3;1;25;4;
0.002;18500;18.5;N;3;1;25;4;
0.0035;18500;18.5;N;3;1;25;4;
-0.00027;-1550;-1.55;NL;3;1;25;2;
-0.00021;-1550;-1.55;NL;3;1;25;2;
-0.0000868;-930;-0.93;NL;3;1;25;2;
0;0;0;NL;3;1;25;5;
0.001036;11100;11.1;NL;3;1;25;5;
0.003;18500;18.5;NL;3;1;25;5;
0.0042;18500;18.5;NL;3;1;25;5;
-0.00015;-945;-0.945;C;1;2;25;2;
-0.00008;-945;-0.945;C;1;2;25;2;
0;0;0;C;1;2;25;1;
0.0015;13050;13.05;C;1;2;25;1;
0.0035;13050;13.05;C;1;2;25;1;
-0.00036;-850.5;-0.8505;CL;1;2;25;2;
-0.00026;-850.5;-0.8505;CL;1;2;25;2;
0;0;0;CL;1;2;25;3;
0.0034;11745;11.745;CL;1;2;25;3;
0.0056;11745;11.745;CL;1;2;25;3;
-0.00015;-1550;-1.55;N;1;2;25;2;
-0.00008;-1550;-1.55;N;1;2;25;2;
0;0;0;N;1;2;25;4;
0.0015;18500;18.5;N;1;2;25;4;
0.0035;18500;18.5;N;1;2;25;4;
-0.00036;-1550;-1.55;NL;1;2;25;2;
-0.00026;-1550;-1.55;NL;1;2;25;2;
0;0;0;NL;1;2;25;5;
0.0034;18500;18.5;NL;1;2;25;5;
0.0056;18500;18.5;NL;1;2;25;5;
-0.00015;-945;-0.945;C;2;2;25;2;
-0.00008;-945;-0.945;C;2;2;25;2;
0;0;0;C;2;2;25;1;
0.0015;13050;13.05;C;2;2;25;1;
0.0035;13050;13.05;C;2;2;25;1;
-0.00031;-850.5;-0.8505;CL;2;2;25;2;
-0.00022;-850.5;-0.8505;CL;2;2;25;2;
0;0;0;CL;2;2;25;3;
0.0028;11745;11.745;CL;2;2;25;3;
0.0048;11745;11.745;CL;2;2;25;3;
-0.00015;-1550;-1.55;N;2;2;25;2;
-0.00008;-1550;-1.55;N;2;2;25;2;
0;0;0;N;2;2;25;4;
0.0015;18500;18.5;N;2;2;25;4;
0.0035;18500;18.5;N;2;2;25;4;
-0.00031;-1550;-1.55;NL;2;2;25;2;
-0.00022;-1550;-1.55;NL;2;2;25;2;
0;0;0;NL;2;2;25;5;
0.0028;18500;18.5;NL;2;2;25;5;
0.0048;18500;18.5;NL;2;2;25;5;
-0.00015;-945;-0.945;C;3;2;25;2;
-0.00008;-945;-0.945;C;3;2;25;2;
0;0;0;C;3;2;25;1;
0.0015;13050;13.05;C;3;2;25;1;
0.0035;13050;13.05;C;3;2;25;1;
-0.00027;-850.5;-0.8505;CL;3;2;25;2;
-0.00019;-850.5;-0.8505;CL;3;2;25;2;
0;0;0;CL;3;2;25;3;
0.0024;11745;11.745;CL;3;2;25;3;
0.0042;11745;11.745;CL;3;2;25;3;
-0.00015;-1550;-1.55;N;3;2;25;2;
-0.00008;-1550;-1.55;N;3;2;25;2;
0;0;0;N;3;2;25;4;
0.0015;18500;18.5;N;3;2;25;4;
0.0035;18500;18.5;N;3;2;25;4;
-0.00027;-1550;-1.55;NL;3;2;25;2;
-0.00019;-1550;-1.55;NL;3;2;25;2;
0;0;0;NL;3;2;25;5;
0.0024;18500;18.5;NL;3;2;25;5;
0.0042;18500;18.5;NL;3;2;25;5;
-0.00015;-1040;-1.04;C;1;1;30;2;
-0.0001;-1040;-1.04;C;1;1;30;2;
-0.0000191;-621;-0.621;C;1;1;30;2;
0;0;0;C;1;1;30;1;
0.000282;9180;9.18;C;1;1;30;1;
0.002;15300;15.3;C;1;1;30;1;
0.0035;15300;15.3;C;1;1;30;1;
-0.00036;-932;-0.932;CL;1;1;30;2;
-0.00028;-932;-0.932;CL;1;1;30;2;
-0.0000722;-559;-0.559;CL;1;1;30;2;
0;0;0;CL;1;1;30;3;
0.00107;8260;8.26;CL;1;1;30;3;
0.004;13770;13.8;CL;1;1;30;3;
0.0056;13770;13.8;CL;1;1;30;3;
-0.00015;-1750;-1.75;N;1;1;30;2;
-0.0001;-1750;-1.75;N;1;1;30;2;
-0.0000323;-1050;-1.05;N;1;1;30;2;
0;0;0;N;1;1;30;4;
0.000406;13200;13.2;N;1;1;30;4;
0.002;22000;22;N;1;1;30;4;
0.0035;22000;22;N;1;1;30;4;
-0.00036;-1750;-1.75;NL;1;1;30;2;
-0.00028;-1750;-1.75;NL;1;1;30;2;
-0.000136;-1050;-1.05;NL;1;1;30;2;
0;0;0;NL;1;1;30;5;
0.001705846;13200;13.2;NL;1;1;30;5;
0.004;22000;22;NL;1;1;30;5;
0.0056;22000;22;NL;1;1;30;5;
-0.00015;-1040;-1.04;C;2;1;30;2;
-0.0001;-1040;-1.04;C;2;1;30;2;
-0.0000191;-621;-0.621;C;2;1;30;2;
0;0;0;C;2;1;30;1;
0.000282;9180;9.18;C;2;1;30;1;
0.002;15300;15.3;C;2;1;30;1;
0.0035;15300;15.3;C;2;1;30;1;
-0.00031;-932;-0.932;CL;2;1;30;2;
-0.00024;-932;-0.932;CL;2;1;30;2;
-0.0000567;-559;-0.559;CL;2;1;30;2;
0;0;0;CL;2;1;30;3;
0.000839;8262;8.26;CL;2;1;30;3;
0.0034;13770;13.8;CL;2;1;30;3;
0.0048;13770;13.8;CL;2;1;30;3;
-0.00015;-1750;-1.75;N;2;1;30;2;
-0.0001;-1750;-1.75;N;2;1;30;2;
-0.0000323;-1050;-1.05;N;2;1;30;2;
0;0;0;N;2;1;30;4;
0.000406;13200;13.2;N;2;1;30;4;
0.002;22000;22;N;2;1;30;4;
0.0035;22000;22;N;2;1;30;4;
-0.00031;-1750;-1.75;NL;2;1;30;2;
-0.00024;-1750;-1.75;NL;2;1;30;2;
-0.000107;-1050;-1.05;NL;2;1;30;2;
0;0;0;NL;2;1;30;5;
0.001340308;13200;13.2;NL;2;1;30;5;
0.0034;22000;22;NL;2;1;30;5;
0.0048;22000;22;NL;2;1;30;5;
-0.00015;-1035;-1.04;C;3;1;30;2;
-0.0001;-1035;-1.04;C;3;1;30;2;
-0.0000191;-621;-0.621;C;3;1;30;2;
0;0;0;C;3;1;30;1;
0.000282;9180;9.18;C;3;1;30;1;
0.002;15300;15.3;C;3;1;30;1;
0.0035;15300;15.3;C;3;1;30;1;
-0.00027;-931.5;-0.932;CL;3;1;30;2;
-0.00021;-931.5;-0.932;CL;3;1;30;2;
-0.0000447;-558.9;-0.559;CL;3;1;30;2;
0;0;0;CL;3;1;30;3;
0.000661;8262;8.26;CL;3;1;30;3;
0.003;13770;13.8;CL;3;1;30;3;
0.0042;13770;13.8;CL;3;1;30;3;
-0.00015;-1750;-1.75;N;3;1;30;2;
-0.0001;-1750;-1.75;N;3;1;30;2;
-0.0000323;-1050;-1.05;N;3;1;30;2;
0;0;0;N;3;1;30;4;
0.000406;13200;13.2;N;3;1;30;4;
0.002;22000;22;N;3;1;30;4;
0.0035;22000;22;N;3;1;30;4;
-0.00027;-1750;-1.75;NL;3;1;30;2;
-0.00021;-1750;-1.75;NL;3;1;30;2;
-0.000084;-1050;-1.05;NL;3;1;30;2;
0;0;0;NL;3;1;30;5;
0.00106;13200;13.2;NL;3;1;30;5;
0.003;22000;22;NL;3;1;30;5;
0.0042;22000;22;NL;3;1;30;5;
-0.00015;-1035;-1.04;C;1;2;30;2;
-0.00008;-1035;-1.04;C;1;2;30;2;
0;0;0;C;1;2;30;1;
0.0015;15300;15.3;C;1;2;30;1;
0.0035;15300;15.3;C;1;2;30;1;
-0.00036;-931.5;-0.932;CL;1;2;30;2;
-0.00026;-931.5;-0.932;CL;1;2;30;2;
0;0;0;CL;1;2;30;3;
0.0034;13770;13.8;CL;1;2;30;3;
0.0056;13770;13.8;CL;1;2;30;3;
-0.00015;-1750;-1.75;N;1;2;30;2;
-0.00008;-1750;-1.75;N;1;2;30;2;
0;0;0;N;1;2;30;4;
0.0015;22000;22;N;1;2;30;4;
0.0035;22000;22;N;1;2;30;4;
-0.00036;-1750;-1.75;NL;1;2;30;2;
-0.00026;-1750;-1.75;NL;1;2;30;2;
0;0;0;NL;1;2;30;5;
0.0034;22000;22;NL;1;2;30;5;
0.0056;22000;22;NL;1;2;30;5;
-0.00015;-1035;-1.04;C;2;2;30;2;
-0.00008;-1035;-1.04;C;2;2;30;2;
0;0;0;C;2;2;30;1;
0.0015;15300;15.3;C;2;2;30;1;
0.0035;15300;15.3;C;2;2;30;1;
-0.00031;-931.5;-0.932;CL;2;2;30;2;
-0.00022;-931.5;-0.932;CL;2;2;30;2;
0;0;0;CL;2;2;30;3;
0.0028;13770;13.8;CL;2;2;30;3;
0.0048;13770;13.8;CL;2;2;30;3;
-0.00015;-1750;-1.75;N;2;2;30;2;
-0.00008;-1750;-1.75;N;2;2;30;2;
0;0;0;N;2;2;30;4;
0.0015;22000;22;N;2;2;30;4;
0.0035;22000;22;N;2;2;30;4;
-0.00031;-1750;-1.75;NL;2;2;30;2;
-0.00022;-1750;-1.75;NL;2;2;30;2;
0;0;0;NL;2;2;30;5;
0.0028;22000;22;NL;2;2;30;5;
0.0048;22000;22;NL;2;2;30;5;
-0.00015;-1035;-1.04;C;3;2;30;2;
-0.00008;-1035;-1.04;C;3;2;30;2;
0;0;0;C;3;2;30;1;
0.0015;15300;15.3;C;3;2;30;1;
0.0035;15300;15.3;C;3;2;30;1;
-0.00027;-931.5;-0.932;CL;3;2;30;2;
-0.00019;-931.5;-0.932;CL;3;2;30;2;
0;0;0;CL;3;2;30;3;
0.0024;13770;13.8;CL;3;2;30;3;
0.0042;13770;13.8;CL;3;2;30;3;
-0.00015;-1750;-1.75;N;3;2;30;2;
-0.00008;-1750;-1.75;N;3;2;30;2;
0;0;0;N;3;2;30;4;
0.0015;22000;22;N;3;2;30;4;
0.0035;22000;22;N;3;2;30;4;
-0.00027;-1750;-1.75;NL;3;2;30;2;
-0.00019;-1750;-1.75;NL;3;2;30;2;
0;0;0;NL;3;2;30;5;
0.0024;22000;22;NL;3;2;30;5;
0.0042;22000;22;NL;3;2;30;5;
-0.00015;-1170;-1.17;C;1;1;35;2;
-0.0001;-1170;-1.17;C;1;1;35;2;
-0.0000203;-702;-0.702;C;1;1;35;2;
0;0;0;C;1;1;35;1;
0.000305;10500;10.5;C;1;1;35;1;
0.002;17550;17.6;C;1;1;35;1;
0.0035;17550;17.6;C;1;1;35;1;
-0.00036;-1050;-1.05;CL;1;1;35;2;
-0.00028;-1050;-1.05;CL;1;1;35;2;
-0.0000733;-632;-0.632;CL;1;1;35;2;
0;0;0;CL;1;1;35;3;
0.0011;9480;9.48;CL;1;1;35;3;
0.004;15795;15.8;CL;1;1;35;3;
0.0056;15795;15.8;CL;1;1;35;3;
-0.00015;-1950;-1.95;N;1;1;35;2;
-0.0001;-1950;-1.95;N;1;1;35;2;
-0.0000339;-1170;-1.17;N;1;1;35;2;
0;0;0;N;1;1;35;4;
0.000443;15300;15.3;N;1;1;35;4;
0.002;25500;25.5;N;1;1;35;4;
0.0035;25500;25.5;N;1;1;35;4;
-0.00036;-1950;-1.95;NL;1;1;35;2;
-0.00028;-1950;-1.95;NL;1;1;35;2;
-0.000136;-1170;-1.17;NL;1;1;35;2;
0;0;0;NL;1;1;35;5;
0.001773913;15300;15.3;NL;1;1;35;5;
0.004;25500;25.5;NL;1;1;35;5;
0.0056;25500;25.5;NL;1;1;35;5;
-0.00015;-1170;-1.17;C;2;1;35;2;
-0.0001;-1170;-1.17;C;2;1;35;2;
-0.0000203;-702;-0.702;C;2;1;35;2;
0;0;0;C;2;1;35;1;
0.000305;10500;10.5;C;2;1;35;1;
0.002;17550;17.6;C;2;1;35;1;
0.0035;17550;17.6;C;2;1;35;1;
-0.00031;-1050;-1.05;CL;2;1;35;2;
-0.00024;-1050;-1.05;CL;2;1;35;2;
-0.0000568;-632;-0.632;CL;2;1;35;2;
0;0;0;CL;2;1;35;3;
0.000852;9477;9.48;CL;2;1;35;3;
0.0034;15795;15.8;CL;2;1;35;3;
0.0048;15795;15.8;CL;2;1;35;3;
-0.00015;-1950;-1.95;N;2;1;35;2;
-0.0001;-1950;-1.95;N;2;1;35;2;
-0.0000339;-1170;-1.17;N;2;1;35;2;
0;0;0;N;2;1;35;4;
0.000443;15300;15.3;N;2;1;35;4;
0.002;25500;25.5;N;2;1;35;4;
0.0035;25500;25.5;N;2;1;35;4;
-0.00031;-1950;-1.95;NL;2;1;35;2;
-0.00024;-1950;-1.95;NL;2;1;35;2;
-0.000105;-1170;-1.17;NL;2;1;35;2;
0;0;0;NL;2;1;35;5;
0.001374783;15300;15.3;NL;2;1;35;5;
0.0034;25500;25.5;NL;2;1;35;5;
0.0048;25500;25.5;NL;2;1;35;5;
-0.00015;-1170;-1.17;C;3;1;35;2;
-0.0001;-1170;-1.17;C;3;1;35;2;
-0.0000203;-702;-0.702;C;3;1;35;2;
0;0;0;C;3;1;35;1;
0.000305;10530;10.5;C;3;1;35;1;
0.002;17550;17.6;C;3;1;35;1;
0.0035;17550;17.6;C;3;1;35;1;
-0.00027;-1053;-1.05;CL;3;1;35;2;
-0.00021;-1053;-1.05;CL;3;1;35;2;
-0.0000458;-631.8;-0.632;CL;3;1;35;2;
0;0;0;CL;3;1;35;3;
0.000687;9477;9.48;CL;3;1;35;3;
0.003;15795;15.8;CL;3;1;35;3;
0.0042;15795;15.8;CL;3;1;35;3;
-0.00015;-1950;-1.95;N;3;1;35;2;
-0.0001;-1950;-1.95;N;3;1;35;2;
-0.0000339;-1170;-1.17;N;3;1;35;2;
0;0;0;N;3;1;35;4;
0.000443;15300;15.3;N;3;1;35;4;
0.002;25500;25.5;N;3;1;35;4;
0.0035;25500;25.5;N;3;1;35;4;
-0.00027;-1950;-1.95;NL;3;1;35;2;
-0.00021;-1950;-1.95;NL;3;1;35;2;
-0.0000848;-1170;-1.17;NL;3;1;35;2;
0;0;0;NL;3;1;35;5;
0.00111;15300;15.3;NL;3;1;35;5;
0.003;25500;25.5;NL;3;1;35;5;
0.0042;25500;25.5;NL;3;1;35;5;
-0.00015;-1170;-1.17;C;1;2;35;2;
-0.00008;-1170;-1.17;C;1;2;35;2;
0;0;0;C;1;2;35;1;
0.0015;17550;17.6;C;1;2;35;1;
0.0035;17550;17.6;C;1;2;35;1;
-0.00036;-1053;-1.05;CL;1;2;35;2;
-0.00026;-1053;-1.05;CL;1;2;35;2;
0;0;0;CL;1;2;35;3;
0.0034;15795;15.8;CL;1;2;35;3;
0.0056;15795;15.8;CL;1;2;35;3;
-0.00015;-1950;-1.95;N;1;2;35;2;
-0.00008;-1950;-1.95;N;1;2;35;2;
0;0;0;N;1;2;35;4;
0.0015;25500;25.5;N;1;2;35;4;
0.0035;25500;25.5;N;1;2;35;4;
-0.00036;-1950;-1.95;NL;1;2;35;2;
-0.00026;-1950;-1.95;NL;1;2;35;2;
0;0;0;NL;1;2;35;5;
0.0034;25500;25.5;NL;1;2;35;5;
0.0056;25500;25.5;NL;1;2;35;5;
-0.00015;-1170;-1.17;C;2;2;35;2;
-0.00008;-1170;-1.17;C;2;2;35;2;
0;0;0;C;2;2;35;1;
0.0015;17550;17.6;C;2;2;35;1;
0.0035;17550;17.6;C;2;2;35;1;
-0.00031;-1053;-1.05;CL;2;2;35;2;
-0.00022;-1053;-1.05;CL;2;2;35;2;
0;0;0;CL;2;2;35;3;
0.0028;15795;15.8;CL;2;2;35;3;
0.0048;15795;15.8;CL;2;2;35;3;
-0.00015;-1950;-1.95;N;2;2;35;2;
-0.00008;-1950;-1.95;N;2;2;35;2;
0;0;0;N;2;2;35;4;
0.0015;25500;25.5;N;2;2;35;4;
0.0035;25500;25.5;N;2;2;35;4;
-0.00031;-1950;-1.95;NL;2;2;35;2;
-0.00022;-1950;-1.95;NL;2;2;35;2;
0;0;0;NL;2;2;35;5;
0.0028;25500;25.5;NL;2;2;35;5;
0.0048;25500;25.5;NL;2;2;35;5;
-0.00015;-1170;-1.17;C;3;2;35;2;
-0.00008;-1170;-1.17;C;3;2;35;2;
0;0;0;C;3;2;35;1;
0.0015;17550;17.6;C;3;2;35;1;
0.0035;17550;17.6;C;3;2;35;1;
-0.00027;-1053;-1.05;CL;3;2;35;2;
-0.00019;-1053;-1.05;CL;3;2;35;2;
0;0;0;CL;3;2;35;3;
0.0024;15795;15.8;CL;3;2;35;3;
0.0042;15795;15.8;CL;3;2;35;3;
-0.00015;-1950;-1.95;N;3;2;35;2;
-0.00008;-1950;-1.95;N;3;2;35;2;
0;0;0;N;3;2;35;4;
0.0015;25500;25.5;N;3;2;35;4;
0.0035;25500;25.5;N;3;2;35;4;
-0.00027;-1950;-1.95;NL;3;2;35;2;
-0.00019;-1950;-1.95;NL;3;2;35;2;
0;0;0;NL;3;2;35;5;
0.0024;25500;25.5;NL;3;2;35;5;
0.0042;25500;25.5;NL;3;2;35;5;
-0.00015;-1260;-1.26;C;1;1;40;2;
-0.0001;-1260;-1.26;C;1;1;40;2;
-0.000021;-756;-0.756;C;1;1;40;2;
0;0;0;C;1;1;40;1;
0.00033;11900;11.9;C;1;1;40;1;
0.002;19800;19.8;C;1;1;40;1;
0.0035;19800;19.8;C;1;1;40;1;
-0.00036;-1130;-1.13;CL;1;1;40;2;
-0.00028;-1130;-1.13;CL;1;1;40;2;
-0.0000718;-680;-0.68;CL;1;1;40;2;
0;0;0;CL;1;1;40;3;
0.00113;10700;10.7;CL;1;1;40;3;
0.004;17820;17.8;CL;1;1;40;3;
0.0056;17820;17.8;CL;1;1;40;3;
-0.00015;-2100;-2.1;N;1;1;40;2;
-0.0001;-2100;-2.1;N;1;1;40;2;
-0.000035;-1260;-1.26;N;1;1;40;2;
0;0;0;N;1;1;40;4;
0.000483;17400;17.4;N;1;1;40;4;
0.002;29000;29;N;1;1;40;4;
0.0035;29000;29;N;1;1;40;4;
-0.00036;-2100;-2.1;NL;1;1;40;2;
-0.00028;-2100;-2.1;NL;1;1;40;2;
-0.000133;-1260;-1.26;NL;1;1;40;2;
0;0;0;NL;1;1;40;5;
0.001836667;17400;17.4;NL;1;1;40;5;
0.004;29000;29;NL;1;1;40;5;
0.0056;29000;29;NL;1;1;40;5;
-0.00015;-1260;-1.26;C;2;1;40;2;
-0.0001;-1260;-1.26;C;2;1;40;2;
-0.000021;-756;-0.756;C;2;1;40;2;
0;0;0;C;2;1;40;1;
0.00033;11900;11.9;C;2;1;40;1;
0.002;19800;19.8;C;2;1;40;1;
0.0035;19800;19.8;C;2;1;40;1;
-0.00031;-1130;-1.13;CL;2;1;40;2;
-0.00024;-1130;-1.13;CL;2;1;40;2;
-0.0000548;-680;-0.68;CL;2;1;40;2;
0;0;0;CL;2;1;40;3;
0.000861;10692;10.7;CL;2;1;40;3;
0.0034;17820;17.8;CL;2;1;40;3;
0.0048;17820;17.8;CL;2;1;40;3;
-0.00015;-2100;-2.1;N;2;1;40;2;
-0.0001;-2100;-2.1;N;2;1;40;2;
-0.000035;-1260;-1.26;N;2;1;40;2;
0;0;0;N;2;1;40;4;
0.000483;17400;17.4;N;2;1;40;4;
0.002;29000;29;N;2;1;40;4;
0.0035;29000;29;N;2;1;40;4;
-0.00031;-2100;-2.1;NL;2;1;40;2;
-0.00024;-2100;-2.1;NL;2;1;40;2;
-0.000102;-1260;-1.26;NL;2;1;40;2;
0;0;0;NL;2;1;40;5;
0.001401667;17400;17.4;NL;2;1;40;5;
0.0034;29000;29;NL;2;1;40;5;
0.0048;29000;29;NL;2;1;40;5;
-0.00015;-1260;-1.26;C;3;1;40;2;
-0.0001;-1260;-1.26;C;3;1;40;2;
-0.000021;-756;-0.756;C;3;1;40;2;
0;0;0;C;3;1;40;1;
0.00033;11880;11.9;C;3;1;40;1;
0.002;19800;19.8;C;3;1;40;1;
0.0035;19800;19.8;C;3;1;40;1;
-0.00027;-1134;-1.13;CL;3;1;40;2;
-0.00021;-1134;-1.13;CL;3;1;40;2;
-0.0000454;-680.4;-0.68;CL;3;1;40;2;
0;0;0;CL;3;1;40;3;
0.000713;10692;10.7;CL;3;1;40;3;
0.003;17820;17.8;CL;3;1;40;3;
0.0042;17820;17.8;CL;3;1;40;3;
-0.00015;-2100;-2.1;N;3;1;40;2;
-0.0001;-2100;-2.1;N;3;1;40;2;
-0.000035;-1260;-1.26;N;3;1;40;2;
0;0;0;N;3;1;40;4;
0.000483;17400;17.4;N;3;1;40;4;
0.002;29000;29;N;3;1;40;4;
0.0035;29000;29;N;3;1;40;4;
-0.00027;-2100;-2.1;NL;3;1;40;2;
-0.00021;-2100;-2.1;NL;3;1;40;2;
-0.000084;-1260;-1.26;NL;3;1;40;2;
0;0;0;NL;3;1;40;5;
0.00116;17400;17.4;NL;3;1;40;5;
0.003;29000;29;NL;3;1;40;5;
0.0042;29000;29;NL;3;1;40;5;
-0.00015;-1260;-1.26;C;1;2;40;2;
-0.00008;-1260;-1.26;C;1;2;40;2;
0;0;0;C;1;2;40;1;
0.0015;19800;19.8;C;1;2;40;1;
0.0035;19800;19.8;C;1;2;40;1;
-0.00036;-1134;-1.13;CL;1;2;40;2;
-0.00026;-1134;-1.13;CL;1;2;40;2;
0;0;0;CL;1;2;40;3;
0.0034;17820;17.8;CL;1;2;40;3;
0.0056;17820;17.8;CL;1;2;40;3;
-0.00015;-2100;-2.1;N;1;2;40;2;
-0.00008;-2100;-2.1;N;1;2;40;2;
0;0;0;N;1;2;40;4;
0.0015;29000;29;N;1;2;40;4;
0.0035;29000;29;N;1;2;40;4;
-0.00036;-2100;-2.1;NL;1;2;40;2;
-0.00026;-2100;-2.1;NL;1;2;40;2;
0;0;0;NL;1;2;40;5;
0.0034;29000;29;NL;1;2;40;5;
0.0056;29000;29;NL;1;2;40;5;
-0.00015;-1260;-1.26;C;2;2;40;2;
-0.00008;-1260;-1.26;C;2;2;40;2;
0;0;0;C;2;2;40;1;
0.0015;19800;19.8;C;2;2;40;1;
0.0035;19800;19.8;C;2;2;40;1;
-0.00031;-1134;-1.13;CL;2;2;40;2;
-0.00022;-1134;-1.13;CL;2;2;40;2;
0;0;0;CL;2;2;40;3;
0.0028;17820;17.8;CL;2;2;40;3;
0.0048;17820;17.8;CL;2;2;40;3;
-0.00015;-2100;-2.1;N;2;2;40;2;
-0.00008;-2100;-2.1;N;2;2;40;2;
0;0;0;N;2;2;40;4;
0.0015;29000;29;N;2;2;40;4;
0.0035;29000;29;N;2;2;40;4;
-0.00031;-2100;-2.1;NL;2;2;40;2;
-0.00022;-2100;-2.1;NL;2;2;40;2;
0;0;0;NL;2;2;40;5;
0.0028;29000;29;NL;2;2;40;5;
0.0048;29000;29;NL;2;2;40;5;
-0.00015;-1260;-1.26;C;3;2;40;2;
-0.00008;-1260;-1.26;C;3;2;40;2;
0;0;0;C;3;2;40;1;
0.0015;19800;19.8;C;3;2;40;1;
0.0035;19800;19.8;C;3;2;40;1;
-0.00027;-1134;-1.13;CL;3;2;40;2;
-0.00019;-1134;-1.13;CL;3;2;40;2;
0;0;0;CL;3;2;40;3;
0.0024;17820;17.8;CL;3;2;40;3;
0.0042;17820;17.8;CL;3;2;40;3;
-0.00015;-2100;-2.1;N;3;2;40;2;
-0.00008;-2100;-2.1;N;3;2;40;2;
0;0;0;N;3;2;40;4;
0.0015;29000;29;N;3;2;40;4;
0.0035;29000;29;N;3;2;40;4;
-0.00027;-2100;-2.1;NL;3;2;40;2;
-0.00019;-2100;-2.1;NL;3;2;40;2;
0;0;0;NL;3;2;40;5;
0.0024;29000;29;NL;3;2;40;5;
0.0042;29000;29;NL;3;2;40;5;
-0.00015;-1350;-1.35;C;1;1;45;2;
-0.0001;-1350;-1.35;C;1;1;45;2;
-0.0000219;-810;-0.81;C;1;1;45;2;
0;0;0;C;1;1;45;1;
0.000365;13500;13.5;C;1;1;45;1;
0.002;22500;22.5;C;1;1;45;1;
0.0035;22500;22.5;C;1;1;45;1;
-0.00036;-1220;-1.22;CL;1;1;45;2;
-0.00028;-1220;-1.22;CL;1;1;45;2;
-0.0000709;-729;-0.729;CL;1;1;45;2;
0;0;0;CL;1;1;45;3;
0.00118;12200;12.2;CL;1;1;45;3;
0.004;20250;20.3;CL;1;1;45;3;
0.0056;20250;20.3;CL;1;1;45;3;
-0.00015;-2250;-2.25;N;1;1;45;2;
-0.0001;-2250;-2.25;N;1;1;45;2;
-0.0000365;-1350;-1.35;N;1;1;45;2;
0;0;0;N;1;1;45;4;
0.000519;19200;19.2;N;1;1;45;4;
0.002;32000;32;N;1;1;45;4;
0.0035;32000;32;N;1;1;45;4;
-0.00036;-2250;-2.25;NL;1;1;45;2;
-0.00028;-2250;-2.25;NL;1;1;45;2;
-0.000131;-1350;-1.35;NL;1;1;45;2;
0;0;0;NL;1;1;45;5;
0.001868108;19200;19.2;NL;1;1;45;5;
0.004;32000;32;NL;1;1;45;5;
0.0056;32000;32;NL;1;1;45;5;
-0.00015;-1350;-1.35;C;2;1;45;2;
-0.0001;-1350;-1.35;C;2;1;45;2;
-0.0000219;-810;-0.81;C;2;1;45;2;
0;0;0;C;2;1;45;1;
0.000365;13500;13.5;C;2;1;45;1;
0.002;22500;22.5;C;2;1;45;1;
0.0035;22500;22.5;C;2;1;45;1;
-0.00031;-1220;-1.22;CL;2;1;45;2;
-0.00024;-1220;-1.22;CL;2;1;45;2;
-0.0000552;-729;-0.729;CL;2;1;45;2;
0;0;0;CL;2;1;45;3;
0.000919;12150;12.2;CL;2;1;45;3;
0.0034;20250;20.3;CL;2;1;45;3;
0.0048;20250;20.3;CL;2;1;45;3;
-0.00015;-2250;-2.25;N;2;1;45;2;
-0.0001;-2250;-2.25;N;2;1;45;2;
-0.0000365;-1350;-1.35;N;2;1;45;2;
0;0;0;N;2;1;45;4;
0.000519;19200;19.2;N;2;1;45;4;
0.002;32000;32;N;2;1;45;4;
0.0035;32000;32;N;2;1;45;4;
-0.00031;-2250;-2.25;NL;2;1;45;2;
-0.00024;-2250;-2.25;NL;2;1;45;2;
-0.000102;-1350;-1.35;NL;2;1;45;2;
0;0;0;NL;2;1;45;5;
0.001452973;19200;19.2;NL;2;1;45;5;
0.0034;32000;32;NL;2;1;45;5;
0.0048;32000;32;NL;2;1;45;5;
-0.00015;-1350;-1.35;C;3;1;45;2;
-0.0001;-1350;-1.35;C;3;1;45;2;
-0.0000219;-810;-0.81;C;3;1;45;2;
0;0;0;C;3;1;45;1;
0.000365;13500;13.5;C;3;1;45;1;
0.002;22500;22.5;C;3;1;45;1;
0.0035;22500;22.5;C;3;1;45;1;
-0.00027;-1215;-1.22;CL;3;1;45;2;
-0.00021;-1215;-1.22;CL;3;1;45;2;
-0.0000453;-729;-0.729;CL;3;1;45;2;
0;0;0;CL;3;1;45;3;
0.000755;12150;12.2;CL;3;1;45;3;
0.003;20250;20.3;CL;3;1;45;3;
0.0042;20250;20.3;CL;3;1;45;3;
-0.00015;-2250;-2.25;N;3;1;45;2;
-0.0001;-2250;-2.25;N;3;1;45;2;
-0.0000365;-1350;-1.35;N;3;1;45;2;
0;0;0;N;3;1;45;4;
0.000519;19200;19.2;N;3;1;45;4;
0.002;32000;32;N;3;1;45;4;
0.0035;32000;32;N;3;1;45;4;
-0.00027;-2250;-2.25;NL;3;1;45;2;
-0.00021;-2250;-2.25;NL;3;1;45;2;
-0.0000839;-1350;-1.35;NL;3;1;45;2;
0;0;0;NL;3;1;45;5;
0.00119;19200;19.2;NL;3;1;45;5;
0.003;32000;32;NL;3;1;45;5;
0.0042;32000;32;NL;3;1;45;5;
-0.00015;-1350;-1.35;C;1;2;45;2;
-0.00008;-1350;-1.35;C;1;2;45;2;
0;0;0;C;1;2;45;1;
0.0015;22500;22.5;C;1;2;45;1;
0.0035;22500;22.5;C;1;2;45;1;
-0.00036;-1215;-1.22;CL;1;2;45;2;
-0.00026;-1215;-1.22;CL;1;2;45;2;
0;0;0;CL;1;2;45;3;
0.0034;20250;20.3;CL;1;2;45;3;
0.0056;20250;20.3;CL;1;2;45;3;
-0.00015;-2250;-2.25;N;1;2;45;2;
-0.00008;-2250;-2.25;N;1;2;45;2;
0;0;0;N;1;2;45;4;
0.0015;32000;32;N;1;2;45;4;
0.0035;32000;32;N;1;2;45;4;
-0.00036;-2250;-2.25;NL;1;2;45;2;
-0.00026;-2250;-2.25;NL;1;2;45;2;
0;0;0;NL;1;2;45;5;
0.0034;32000;32;NL;1;2;45;5;
0.0056;32000;32;NL;1;2;45;5;
-0.00015;-1350;-1.35;C;2;2;45;2;
-0.00008;-1350;-1.35;C;2;2;45;2;
0;0;0;C;2;2;45;1;
0.0015;22500;22.5;C;2;2;45;1;
0.0035;22500;22.5;C;2;2;45;1;
-0.00031;-1215;-1.22;CL;2;2;45;2;
-0.00022;-1215;-1.22;CL;2;2;45;2;
0;0;0;CL;2;2;45;3;
0.0028;20250;20.3;CL;2;2;45;3;
0.0048;20250;20.3;CL;2;2;45;3;
-0.00015;-2250;-2.25;N;2;2;45;2;
-0.00008;-2250;-2.25;N;2;2;45;2;
0;0;0;N;2;2;45;4;
0.0015;32000;32;N;2;2;45;4;
0.0035;32000;32;N;2;2;45;4;
-0.00031;-2250;-2.25;NL;2;2;45;2;
-0.00022;-2250;-2.25;NL;2;2;45;2;
0;0;0;NL;2;2;45;5;
0.0028;32000;32;NL;2;2;45;5;
0.0048;32000;32;NL;2;2;45;5;
-0.00015;-1350;-1.35;C;3;2;45;2;
-0.00008;-1350;-1.35;C;3;2;45;2;
0;0;0;C;3;2;45;1;
0.0015;22500;22.5;C;3;2;45;1;
0.0035;22500;22.5;C;3;2;45;1;
-0.00027;-1215;-1.22;CL;3;2;45;2;
-0.00019;-1215;-1.22;CL;3;2;45;2;
0;0;0;CL;3;2;45;3;
0.0024;20250;20.3;CL;3;2;45;3;
0.0042;20250;20.3;CL;3;2;45;3;
-0.00015;-2250;-2.25;N;3;2;45;2;
-0.00008;-2250;-2.25;N;3;2;45;2;
0;0;0;N;3;2;45;4;
0.0015;32000;32;N;3;2;45;4;
0.0035;32000;32;N;3;2;45;4;
-0.00027;-2250;-2.25;NL;3;2;45;2;
-0.00019;-2250;-2.25;NL;3;2;45;2;
0;0;0;NL;3;2;45;5;
0.0024;32000;32;NL;3;2;45;5;
0.0042;32000;32;NL;3;2;45;5;
-0.00015;-1440;-1.44;C;1;1;50;2;
-0.0001;-1440;-1.44;C;1;1;50;2;
-0.0000227;-864;-0.864;C;1;1;50;2;
0;0;0;C;1;1;50;1;
0.000391;14900;14.9;C;1;1;50;1;
0.002;24750;24.8;C;1;1;50;1;
0.0035;24750;24.8;C;1;1;50;1;
-0.00036;-1300;-1.3;CL;1;1;50;2;
-0.00028;-1300;-1.3;CL;1;1;50;2;
-0.0000696;-778;-0.778;CL;1;1;50;2;
0;0;0;CL;1;1;50;3;
0.0012;13400;13.4;CL;1;1;50;3;
0.004;22275;22.3;CL;1;1;50;3;
0.0056;22275;22.3;CL;1;1;50;3;
-0.00015;-2450;-2.45;N;1;1;50;2;
-0.0001;-2450;-2.45;N;1;1;50;2;
-0.0000387;-1470;-1.47;N;1;1;50;2;
0;0;0;N;1;1;50;4;
0.000568;21600;21.6;N;1;1;50;4;
0.002;36000;36;N;1;1;50;4;
0.0035;36000;36;N;1;1;50;4;
-0.00036;-2450;-2.45;NL;1;1;50;2;
-0.00028;-2450;-2.45;NL;1;1;50;2;
-0.000132;-1470;-1.47;NL;1;1;50;2;
0;0;0;NL;1;1;50;5;
0.001932632;21600;21.6;NL;1;1;50;5;
0.004;36000;36;NL;1;1;50;5;
0.0056;36000;36;NL;1;1;50;5;
-0.00015;-1440;-1.44;C;2;1;50;2;
-0.0001;-1440;-1.44;C;2;1;50;2;
-0.0000227;-864;-0.864;C;2;1;50;2;
0;0;0;C;2;1;50;1;
0.000391;14900;14.9;C;2;1;50;1;
0.002;24750;24.8;C;2;1;50;1;
0.0035;24750;24.8;C;2;1;50;1;
-0.00031;-1300;-1.3;CL;2;1;50;2;
-0.00024;-1300;-1.3;CL;2;1;50;2;
-0.0000532;-778;-0.778;CL;2;1;50;2;
0;0;0;CL;2;1;50;3;
0.000914;13365;13.4;CL;2;1;50;3;
0.0034;22275;22.3;CL;2;1;50;3;
0.0048;22275;22.3;CL;2;1;50;3;
-0.00015;-2450;-2.45;N;2;1;50;2;
-0.0001;-2450;-2.45;N;2;1;50;2;
-0.0000387;-1470;-1.47;N;2;1;50;2;
0;0;0;N;2;1;50;4;
0.000568;21600;21.6;N;2;1;50;4;
0.002;36000;36;N;2;1;50;4;
0.0035;36000;36;N;2;1;50;4;
-0.00031;-2450;-2.45;NL;2;1;50;2;
-0.00024;-2450;-2.45;NL;2;1;50;2;
-0.000101;-1470;-1.47;NL;2;1;50;2;
0;0;0;NL;2;1;50;5;
0.001477895;21600;21.6;NL;2;1;50;5;
0.0034;36000;36;NL;2;1;50;5;
0.0048;36000;36;NL;2;1;50;5;
-0.00015;-1440;-1.44;C;3;1;50;2;
-0.0001;-1440;-1.44;C;3;1;50;2;
-0.0000227;-864;-0.864;C;3;1;50;2;
0;0;0;C;3;1;50;1;
0.000391;14850;14.9;C;3;1;50;1;
0.002;24750;24.8;C;3;1;50;1;
0.0035;24750;24.8;C;3;1;50;1;
-0.00027;-1296;-1.3;CL;3;1;50;2;
-0.00021;-1296;-1.3;CL;3;1;50;2;
-0.000045;-777.6;-0.778;CL;3;1;50;2;
0;0;0;CL;3;1;50;3;
0.000774;13365;13.4;CL;3;1;50;3;
0.003;22275;22.3;CL;3;1;50;3;
0.0042;22275;22.3;CL;3;1;50;3;
-0.00015;-2450;-2.45;N;3;1;50;2;
-0.0001;-2450;-2.45;N;3;1;50;2;
-0.0000387;-1470;-1.47;N;3;1;50;2;
0;0;0;N;3;1;50;4;
0.000568;21600;21.6;N;3;1;50;4;
0.002;36000;36;N;3;1;50;4;
0.0035;36000;36;N;3;1;50;4;
-0.00027;-2450;-2.45;NL;3;1;50;2;
-0.00021;-2450;-2.45;NL;3;1;50;2;
-0.0000851;-1470;-1.47;NL;3;1;50;2;
0;0;0;NL;3;1;50;5;
0.00125;21600;21.6;NL;3;1;50;5;
0.003;36000;36;NL;3;1;50;5;
0.0042;36000;36;NL;3;1;50;5;
-0.00015;-1440;-1.44;C;1;2;50;2;
-0.00008;-1440;-1.44;C;1;2;50;2;
0;0;0;C;1;2;50;1;
0.0015;24750;24.8;C;1;2;50;1;
0.0035;24750;24.8;C;1;2;50;1;
-0.00036;-1296;-1.3;CL;1;2;50;2;
-0.00026;-1296;-1.3;CL;1;2;50;2;
0;0;0;CL;1;2;50;3;
0.0034;22275;22.3;CL;1;2;50;3;
0.0056;22275;22.3;CL;1;2;50;3;
-0.00015;-2450;-2.45;N;1;2;50;2;
-0.00008;-2450;-2.45;N;1;2;50;2;
0;0;0;N;1;2;50;4;
0.0015;36000;36;N;1;2;50;4;
0.0035;36000;36;N;1;2;50;4;
-0.00036;-2450;-2.45;NL;1;2;50;2;
-0.00026;-2450;-2.45;NL;1;2;50;2;
0;0;0;NL;1;2;50;5;
0.0034;36000;36;NL;1;2;50;5;
0.0056;36000;36;NL;1;2;50;5;
-0.00015;-1440;-1.44;C;2;2;50;2;
-0.00008;-1440;-1.44;C;2;2;50;2;
0;0;0;C;2;2;50;1;
0.0015;24750;24.8;C;2;2;50;1;
0.0035;24750;24.8;C;2;2;50;1;
-0.00031;-1296;-1.3;CL;2;2;50;2;
-0.00022;-1296;-1.3;CL;2;2;50;2;
0;0;0;CL;2;2;50;3;
0.0028;22275;22.3;CL;2;2;50;3;
0.0048;22275;22.3;CL;2;2;50;3;
-0.00015;-2450;-2.45;N;2;2;50;2;
-0.00008;-2450;-2.45;N;2;2;50;2;
0;0;0;N;2;2;50;4;
0.0015;36000;36;N;2;2;50;4;
0.0035;36000;36;N;2;2;50;4;
-0.00031;-2450;-2.45;NL;2;2;50;2;
-0.00022;-2450;-2.45;NL;2;2;50;2;
0;0;0;NL;2;2;50;5;
0.0028;36000;36;NL;2;2;50;5;
0.0048;36000;36;NL;2;2;50;5;
-0.00015;-1440;-1.44;C;3;2;50;2;
-0.00008;-1440;-1.44;C;3;2;50;2;
0;0;0;C;3;2;50;1;
0.0015;24750;24.8;C;3;2;50;1;
0.0035;24750;24.8;C;3;2;50;1;
-0.00027;-1296;-1.3;CL;3;2;50;2;
-0.00019;-1296;-1.3;CL;3;2;50;2;
0;0;0;CL;3;2;50;3;
0.0024;22275;22.3;CL;3;2;50;3;
0.0042;22275;22.3;CL;3;2;50;3;
-0.00015;-2450;-2.45;N;3;2;50;2;
-0.00008;-2450;-2.45;N;3;2;50;2;
0;0;0;N;3;2;50;4;
0.0015;36000;36;N;3;2;50;4;
0.0035;36000;36;N;3;2;50;4;
-0.00027;-2450;-2.45;NL;3;2;50;2;
-0.00019;-2450;-2.45;NL;3;2;50;2;
0;0;0;NL;3;2;50;5;
0.0024;36000;36;NL;3;2;50;5;
0.0042;36000;36;NL;3;2;50;5;
-0.00015;-1530;-1.53;C;1;1;55;2;
-0.0001;-1530;-1.53;C;1;1;55;2;
-0.0000235;-918;-0.918;C;1;1;55;2;
0;0;0;C;1;1;55;1;
0.000415;16200;16.2;C;1;1;55;1;
0.002;27000;27;C;1;1;55;1;
0.0035;27000;27;C;1;1;55;1;
-0.00036;-1380;-1.38;CL;1;1;55;2;
-0.00028;-1380;-1.38;CL;1;1;55;2;
-0.0000678;-826;-0.826;CL;1;1;55;2;
0;0;0;CL;1;1;55;3;
0.0012;14600;14.6;CL;1;1;55;3;
0.004;24300;24.3;CL;1;1;55;3;
0.0056;24300;24.3;CL;1;1;55;3;
-0.00015;-2600;-2.6;N;1;1;55;2;
-0.0001;-2600;-2.6;N;1;1;55;2;
-0.00004;-1560;-1.56;N;1;1;55;2;
0;0;0;N;1;1;55;4;
0.000608;23700;23.7;N;1;1;55;4;
0.002;39500;39.5;N;1;1;55;4;
0.0035;39500;39.5;N;1;1;55;4;
-0.00036;-2600;-2.6;NL;1;1;55;2;
-0.00028;-2600;-2.6;NL;1;1;55;2;
-0.000128;-1560;-1.56;NL;1;1;55;2;
0;0;0;NL;1;1;55;5;
0.001944615;23700;23.7;NL;1;1;55;5;
0.004;39500;39.5;NL;1;1;55;5;
0.0056;39500;39.5;NL;1;1;55;5;
-0.00015;-1530;-1.53;C;2;1;55;2;
-0.0001;-1530;-1.53;C;2;1;55;2;
-0.0000235;-918;-0.918;C;2;1;55;2;
0;0;0;C;2;1;55;1;
0.000415;16200;16.2;C;2;1;55;1;
0.002;27000;27;C;2;1;55;1;
0.0035;27000;27;C;2;1;55;1;
-0.00031;-1380;-1.38;CL;2;1;55;2;
-0.00024;-1380;-1.38;CL;2;1;55;2;
-0.000053;-826;-0.826;CL;2;1;55;2;
0;0;0;CL;2;1;55;3;
0.000935;14580;14.6;CL;2;1;55;3;
0.0034;24300;24.3;CL;2;1;55;3;
0.0048;24300;24.3;CL;2;1;55;3;
-0.00015;-2600;-2.6;N;2;1;55;2;
-0.0001;-2600;-2.6;N;2;1;55;2;
-0.00004;-1560;-1.56;N;2;1;55;2;
0;0;0;N;2;1;55;4;
0.000608;23700;23.7;N;2;1;55;4;
0.002;39500;39.5;N;2;1;55;4;
0.0035;39500;39.5;N;2;1;55;4;
-0.00031;-2600;-2.6;NL;2;1;55;2;
-0.00024;-2600;-2.6;NL;2;1;55;2;
-0.0001;-1560;-1.56;NL;2;1;55;2;
0;0;0;NL;2;1;55;5;
0.001519231;23700;23.7;NL;2;1;55;5;
0.0034;39500;39.5;NL;2;1;55;5;
0.0048;39500;39.5;NL;2;1;55;5;
-0.00015;-1530;-1.53;C;3;1;55;2;
-0.0001;-1530;-1.53;C;3;1;55;2;
-0.0000235;-918;-0.918;C;3;1;55;2;
0;0;0;C;3;1;55;1;
0.000415;16200;16.2;C;3;1;55;1;
0.002;27000;27;C;3;1;55;1;
0.0035;27000;27;C;3;1;55;1;
-0.00027;-1377;-1.38;CL;3;1;55;2;
-0.00021;-1377;-1.38;CL;3;1;55;2;
-0.0000445;-826.2;-0.826;CL;3;1;55;2;
0;0;0;CL;3;1;55;3;
0.000785;14580;14.6;CL;3;1;55;3;
0.003;24300;24.3;CL;3;1;55;3;
0.0042;24300;24.3;CL;3;1;55;3;
-0.00015;-2600;-2.6;N;3;1;55;2;
-0.0001;-2600;-2.6;N;3;1;55;2;
-0.00004;-1560;-1.56;N;3;1;55;2;
0;0;0;N;3;1;55;4;
0.000608;23700;23.7;N;3;1;55;4;
0.002;39500;39.5;N;3;1;55;4;
0.0035;39500;39.5;N;3;1;55;4;
-0.00027;-2600;-2.6;NL;3;1;55;2;
-0.00021;-2600;-2.6;NL;3;1;55;2;
-0.000084;-1560;-1.56;NL;3;1;55;2;
0;0;0;NL;3;1;55;5;
0.00128;23700;23.7;NL;3;1;55;5;
0.003;39500;39.5;NL;3;1;55;5;
0.0042;39500;39.5;NL;3;1;55;5;
-0.00015;-1530;-1.53;C;1;2;55;2;
-0.00008;-1530;-1.53;C;1;2;55;2;
0;0;0;C;1;2;55;1;
0.0015;27000;27;C;1;2;55;1;
0.0035;27000;27;C;1;2;55;1;
-0.00036;-1377;-1.38;CL;1;2;55;2;
-0.00026;-1377;-1.38;CL;1;2;55;2;
0;0;0;CL;1;2;55;3;
0.0034;24300;24.3;CL;1;2;55;3;
0.0056;24300;24.3;CL;1;2;55;3;
-0.00015;-2600;-2.6;N;1;2;55;2;
-0.00008;-2600;-2.6;N;1;2;55;2;
0;0;0;N;1;2;55;4;
0.0015;39500;39.5;N;1;2;55;4;
0.0035;39500;39.5;N;1;2;55;4;
-0.00036;-2600;-2.6;NL;1;2;55;2;
-0.00026;-2600;-2.6;NL;1;2;55;2;
0;0;0;NL;1;2;55;5;
0.0034;39500;39.5;NL;1;2;55;5;
0.0056;39500;39.5;NL;1;2;55;5;
-0.00015;-1530;-1.53;C;2;2;55;2;
-0.00008;-1530;-1.53;C;2;2;55;2;
0;0;0;C;2;2;55;1;
0.0015;27000;27;C;2;2;55;1;
0.0035;27000;27;C;2;2;55;1;
-0.00031;-1377;-1.38;CL;2;2;55;2;
-0.00022;-1377;-1.38;CL;2;2;55;2;
0;0;0;CL;2;2;55;3;
0.0028;24300;24.3;CL;2;2;55;3;
0.0048;24300;24.3;CL;2;2;55;3;
-0.00015;-2600;-2.6;N;2;2;55;2;
-0.00008;-2600;-2.6;N;2;2;55;2;
0;0;0;N;2;2;55;4;
0.0015;39500;39.5;N;2;2;55;4;
0.0035;39500;39.5;N;2;2;55;4;
-0.00031;-2600;-2.6;NL;2;2;55;2;
-0.00022;-2600;-2.6;NL;2;2;55;2;
0;0;0;NL;2;2;55;5;
0.0028;39500;39.5;NL;2;2;55;5;
0.0048;39500;39.5;NL;2;2;55;5;
-0.00015;-1530;-1.53;C;3;2;55;2;
-0.00008;-1530;-1.53;C;3;2;55;2;
0;0;0;C;3;2;55;1;
0.0015;27000;27;C;3;2;55;1;
0.0035;27000;27;C;3;2;55;1;
-0.00027;-1377;-1.38;CL;3;2;55;2;
-0.00019;-1377;-1.38;CL;3;2;55;2;
0;0;0;CL;3;2;55;3;
0.0024;24300;24.3;CL;3;2;55;3;
0.0042;24300;24.3;CL;3;2;55;3;
-0.00015;-2600;-2.6;N;3;2;55;2;
-0.00008;-2600;-2.6;N;3;2;55;2;
0;0;0;N;3;2;55;4;
0.0015;39500;39.5;N;3;2;55;4;
0.0035;39500;39.5;N;3;2;55;4;
-0.00027;-2600;-2.6;NL;3;2;55;2;
-0.00019;-2600;-2.6;NL;3;2;55;2;
0;0;0;NL;3;2;55;5;
0.0024;39500;39.5;NL;3;2;55;5;
0.0042;39500;39.5;NL;3;2;55;5;
-0.00015;-1620;-1.62;C;1;1;60;2;
-0.0001;-1620;-1.62;C;1;1;60;2;
-0.0000246;-972;-0.972;C;1;1;60;2;
0;0;0;C;1;1;60;1;
0.000451;17800;17.8;C;1;1;60;1;
0.002;29700;29.7;C;1;1;60;1;
0.0035;29700;29.7;C;1;1;60;1;
-0.00036;-1460;-1.46;CL;1;1;60;2;
-0.00028;-1460;-1.46;CL;1;1;60;2;
-0.0000664;-875;-0.875;CL;1;1;60;2;
0;0;0;CL;1;1;60;3;
0.00122;16000;16;CL;1;1;60;3;
0.004;26730;26.7;CL;1;1;60;3;
0.0056;26730;26.7;CL;1;1;60;3;
-0.00015;-2750;-2.75;N;1;1;60;2;
-0.0001;-2750;-2.75;N;1;1;60;2;
-0.0000418;-1650;-1.65;N;1;1;60;2;
0;0;0;N;1;1;60;4;
0.000653;25800;25.8;N;1;1;60;4;
0.002;43000;43;N;1;1;60;4;
0.0035;43000;43;N;1;1;60;4;
-0.00036;-2750;-2.75;NL;1;1;60;2;
-0.00028;-2750;-2.75;NL;1;1;60;2;
-0.000125;-1650;-1.65;NL;1;1;60;2;
0;0;0;NL;1;1;60;5;
0.001959494;25800;25.8;NL;1;1;60;5;
0.004;43000;43;NL;1;1;60;5;
0.0056;43000;43;NL;1;1;60;5;
-0.00015;-1620;-1.62;C;2;1;60;2;
-0.0001;-1620;-1.62;C;2;1;60;2;
-0.0000246;-972;-0.972;C;2;1;60;2;
0;0;0;C;2;1;60;1;
0.000451;17800;17.8;C;2;1;60;1;
0.002;29700;29.7;C;2;1;60;1;
0.0035;29700;29.7;C;2;1;60;1;
-0.00031;-1460;-1.46;CL;2;1;60;2;
-0.00024;-1460;-1.46;CL;2;1;60;2;
-0.0000532;-875;-0.875;CL;2;1;60;2;
0;0;0;CL;2;1;60;3;
0.000974;16038;16;CL;2;1;60;3;
0.0034;26730;26.7;CL;2;1;60;3;
0.0048;26730;26.7;CL;2;1;60;3;
-0.00015;-2750;-2.75;N;2;1;60;2;
-0.0001;-2750;-2.75;N;2;1;60;2;
-0.0000418;-1650;-1.65;N;2;1;60;2;
0;0;0;N;2;1;60;4;
0.000653;25800;25.8;N;2;1;60;4;
0.002;43000;43;N;2;1;60;4;
0.0035;43000;43;N;2;1;60;4;
-0.00031;-2750;-2.75;NL;2;1;60;2;
-0.00024;-2750;-2.75;NL;2;1;60;2;
-0.0001;-1650;-1.65;NL;2;1;60;2;
0;0;0;NL;2;1;60;5;
0.001567595;25800;25.8;NL;2;1;60;5;
0.0034;43000;43;NL;2;1;60;5;
0.0048;43000;43;NL;2;1;60;5;
-0.00015;-1620;-1.62;C;3;1;60;2;
-0.0001;-1620;-1.62;C;3;1;60;2;
-0.0000246;-972;-0.972;C;3;1;60;2;
0;0;0;C;3;1;60;1;
0.000451;17820;17.8;C;3;1;60;1;
0.002;29700;29.7;C;3;1;60;1;
0.0035;29700;29.7;C;3;1;60;1;
-0.00027;-1458;-1.46;CL;3;1;60;2;
-0.00021;-1458;-1.46;CL;3;1;60;2;
-0.0000443;-874.8;-0.875;CL;3;1;60;2;
0;0;0;CL;3;1;60;3;
0.000812;16038;16;CL;3;1;60;3;
0.003;26730;26.7;CL;3;1;60;3;
0.0042;26730;26.7;CL;3;1;60;3;
-0.00015;-2750;-2.75;N;3;1;60;2;
-0.0001;-2750;-2.75;N;3;1;60;2;
-0.0000418;-1650;-1.65;N;3;1;60;2;
0;0;0;N;3;1;60;4;
0.000653;25800;25.8;N;3;1;60;4;
0.002;43000;43;N;3;1;60;4;
0.0035;43000;43;N;3;1;60;4;
-0.00027;-2750;-2.75;NL;3;1;60;2;
-0.00021;-2750;-2.75;NL;3;1;60;2;
-0.0000835;-1650;-1.65;NL;3;1;60;2;
0;0;0;NL;3;1;60;5;
0.00131;25800;25.8;NL;3;1;60;5;
0.003;43000;43;NL;3;1;60;5;
0.0042;43000;43;NL;3;1;60;5;
-0.00015;-1620;-1.62;C;1;2;60;2;
-0.00008;-1620;-1.62;C;1;2;60;2;
0;0;0;C;1;2;60;1;
0.0015;29700;29.7;C;1;2;60;1;
0.0035;29700;29.7;C;1;2;60;1;
-0.00036;-1458;-1.46;CL;1;2;60;2;
-0.00026;-1458;-1.46;CL;1;2;60;2;
0;0;0;CL;1;2;60;3;
0.0034;26730;26.7;CL;1;2;60;3;
0.0056;26730;26.7;CL;1;2;60;3;
-0.00015;-2750;-2.75;N;1;2;60;2;
-0.00008;-2750;-2.75;N;1;2;60;2;
0;0;0;N;1;2;60;4;
0.0015;43000;43;N;1;2;60;4;
0.0035;43000;43;N;1;2;60;4;
-0.00036;-2750;-2.75;NL;1;2;60;2;
-0.00026;-2750;-2.75;NL;1;2;60;2;
0;0;0;NL;1;2;60;5;
0.0034;43000;43;NL;1;2;60;5;
0.0056;43000;43;NL;1;2;60;5;
-0.00015;-1620;-1.62;C;2;2;60;2;
-0.00008;-1620;-1.62;C;2;2;60;2;
0;0;0;C;2;2;60;1;
0.0015;29700;29.7;C;2;2;60;1;
0.0035;29700;29.7;C;2;2;60;1;
-0.00031;-1458;-1.46;CL;2;2;60;2;
-0.00022;-1458;-1.46;CL;2;2;60;2;
0;0;0;CL;2;2;60;3;
0.0028;26730;26.7;CL;2;2;60;3;
0.0048;26730;26.7;CL;2;2;60;3;
-0.00015;-2750;-2.75;N;2;2;60;2;
-0.00008;-2750;-2.75;N;2;2;60;2;
0;0;0;N;2;2;60;4;
0.0015;43000;43;N;2;2;60;4;
0.0035;43000;43;N;2;2;60;4;
-0.00031;-2750;-2.75;NL;2;2;60;2;
-0.00022;-2750;-2.75;NL;2;2;60;2;
0;0;0;NL;2;2;60;5;
0.0028;43000;43;NL;2;2;60;5;
0.0048;43000;43;NL;2;2;60;5;
-0.00015;-1620;-1.62;C;3;2;60;2;
-0.00008;-1620;-1.62;C;3;2;60;2;
0;0;0;C;3;2;60;1;
0.0015;29700;29.7;C;3;2;60;1;
0.0035;29700;29.7;C;3;2;60;1;
-0.00027;-1458;-1.46;CL;3;2;60;2;
-0.00019;-1458;-1.46;CL;3;2;60;2;
0;0;0;CL;3;2;60;3;
0.0024;26730;26.7;CL;3;2;60;3;
0.0042;26730;26.7;CL;3;2;60;3;
-0.00015;-2750;-2.75;N;3;2;60;2;
-0.00008;-2750;-2.75;N;3;2;60;2;
0;0;0;N;3;2;60;4;
0.0015;43000;43;N;3;2;60;4;
0.0035;43000;43;N;3;2;60;4;
-0.00027;-2750;-2.75;NL;3;2;60;2;
-0.00019;-2750;-2.75;NL;3;2;60;2;
0;0;0;NL;3;2;60;5;
0.0024;43000;43;NL;3;2;60;5;
0.0042;43000;43;NL;3;2;60;5;